-- =========================================================
-- 家庭账房 v0.1 · Step 2 dev data
-- 11 demo accounts + 2026-05 OPEN period + prior snapshots
-- =========================================================
SET NAMES utf8mb4;

-- ---------------------------------------------------------
-- 11 demo accounts
-- ---------------------------------------------------------
INSERT INTO account (
    id, family_id, template_id, display_name, type, currency,
    primary_owner_member_id, default_payment_source_account_id, display_order
) VALUES
  (1, 1, (SELECT id FROM account_template WHERE code = 'cmb_savings'),   '招行储蓄卡-工资', 'CASH',     'CNY', 1, NULL, 1),
  (2, 1, (SELECT id FROM account_template WHERE code = 'icbc_savings'),  '工商银行-备用金',   'CASH',     'CNY', 1, NULL, 2),
  (3, 1, (SELECT id FROM account_template WHERE code = 'brokerage'),     '华泰证券-A股',      'STOCK',    'CNY', 1, NULL, 3),
  (4, 1, (SELECT id FROM account_template WHERE code = 'brokerage'),     '富途证券-港美股',   'STOCK',    'USD', 1, NULL, 4),
  (5, 1, (SELECT id FROM account_template WHERE code = 'credit_card'),   '招行信用卡',        'LOAN',     'CNY', 1, NULL, 5),
  (6, 1, (SELECT id FROM account_template WHERE code = 'alipay'),        '支付宝-余额宝',     'CASH',     'CNY', 2, NULL, 6),
  (7, 1, (SELECT id FROM account_template WHERE code = 'wechat_pay'),    '微信-零钱通',       'CASH',     'CNY', 2, NULL, 7),
  (8, 1, (SELECT id FROM account_template WHERE code = 'ant_fortune'),   '蚂蚁财富-基金',     'WEALTH',   'CNY', 2, NULL, 8),
  (9, 1, (SELECT id FROM account_template WHERE code = 'bank_wealth'),   '招行理财-稳健',     'WEALTH',   'CNY', 2, NULL, 9),
  (10,1, (SELECT id FROM account_template WHERE code = 'property'),      '住宅-海淀',         'PROPERTY', 'CNY', NULL, NULL, 10),
  (11,1, (SELECT id FROM account_template WHERE code = 'mortgage_loan'), '房贷-招行',         'LOAN',     'CNY', NULL, NULL, 11);

UPDATE account
   SET default_payment_source_account_id = 1
 WHERE id IN (5, 11);

-- ---------------------------------------------------------
-- 2026-03/04 closed history + 2026-05 current open period
-- ---------------------------------------------------------
INSERT INTO period (id, family_id, period_type, period_start, period_end, status, closed_at) VALUES
  (1, 1, 'MONTHLY', '2026-03-01', '2026-03-31', 'CLOSED', '2026-04-02 10:00:00.000'),
  (2, 1, 'MONTHLY', '2026-04-01', '2026-04-30', 'CLOSED', '2026-05-02 10:00:00.000'),
  (3, 1, 'MONTHLY', '2026-05-01', '2026-05-31', 'OPEN',   NULL);

-- March snapshots
INSERT INTO period_snapshot (period_id, account_id, end_balance, submitted_by, submitted_at, note) VALUES
  (1, 1,   45000.00, 1, '2026-04-01 20:10:00.000', '三月期末'),
  (1, 2,  180000.00, 1, '2026-04-01 20:10:00.000', '三月期末'),
  (1, 3, 1102400.00, 1, '2026-04-01 20:10:00.000', '三月期末'),
  (1, 4,   47500.00, 1, '2026-04-01 20:10:00.000', '三月期末'),
  (1, 5,   -6200.00, 1, '2026-04-01 20:10:00.000', '三月期末'),
  (1, 6,   33600.00, 2, '2026-04-01 21:00:00.000', '三月期末'),
  (1, 7,    8400.00, 2, '2026-04-01 21:00:00.000', '三月期末'),
  (1, 8,  214600.00, 2, '2026-04-01 21:00:00.000', '三月期末'),
  (1, 9,  125000.00, 2, '2026-04-01 21:00:00.000', '三月期末'),
  (1,10, 1800000.00,1, '2026-04-01 21:30:00.000', '年度估值'),
  (1,11,-1200000.00,1, '2026-04-01 21:30:00.000', '三月期末');

-- April snapshots
INSERT INTO period_snapshot (period_id, account_id, end_balance, submitted_by, submitted_at, note) VALUES
  (2, 1,   73200.00, 1, '2026-05-01 20:10:00.000', '工资与消费后余额'),
  (2, 2,  186400.00, 1, '2026-05-01 20:10:00.000', '备用金'),
  (2, 3, 1124800.00, 1, '2026-05-01 20:10:00.000', 'A 股账户'),
  (2, 4,   48200.00, 1, '2026-05-01 20:10:00.000', '港美股账户'),
  (2, 5,   -4820.00, 1, '2026-05-01 20:10:00.000', '信用卡欠款'),
  (2, 6,   35400.00, 2, '2026-05-01 21:00:00.000', '余额宝'),
  (2, 7,    9200.00, 2, '2026-05-01 21:00:00.000', '零钱通'),
  (2, 8,  218400.00, 2, '2026-05-01 21:00:00.000', '基金账户'),
  (2, 9,  127800.00, 2, '2026-05-01 21:00:00.000', '银行理财'),
  (2,10, 1800000.00,1, '2026-05-01 21:30:00.000', '估值不变'),
  (2,11,-1195180.00,1, '2026-05-01 21:30:00.000', '房贷本金减少');

-- Current May partial snapshots, so Step 2 pages have folded completed rows
INSERT INTO period_snapshot (period_id, account_id, end_balance, submitted_by, submitted_at, note) VALUES
  (3, 1,   75600.00, 1, '2026-05-07 09:10:00.000', '本月已填'),
  (3, 2,  186400.00, 1, '2026-05-07 09:10:00.000', '本月已填'),
  (3, 3, 1132000.00, 1, '2026-05-07 09:10:00.000', '本月已填'),
  (3, 5,   -3600.00, 1, '2026-05-07 09:10:00.000', '本月已填'),
  (3, 6,   36050.00, 2, '2026-05-07 09:20:00.000', '本月已填'),
  (3, 8,  221500.00, 2, '2026-05-07 09:20:00.000', '本月已填'),
  (3,10, 1800000.00,1, '2026-05-07 09:30:00.000', '本月已填');

-- Draft transfer generated by LOAN prefill for the current mortgage todo
INSERT INTO transfer (
    id, period_id, from_account_id, to_account_id, amount, occurred_at, note, submitted_by, is_draft
) VALUES (
    1, 3, 1, 11, 4820.00, '2026-05-31', '系统根据上期房贷变化预填', 1, 1
);

-- Current period todos
INSERT INTO snapshot_todo (
    period_id, account_id, assigned_member_id, status, done_at, done_by_member_id,
    prefilled_balance, prefilled_transfer_id
) VALUES
  (3, 1,  1, 'DONE',    '2026-05-07 09:10:00.000', 1, NULL, NULL),
  (3, 2,  1, 'DONE',    '2026-05-07 09:10:00.000', 1, NULL, NULL),
  (3, 3,  1, 'DONE',    '2026-05-07 09:10:00.000', 1, NULL, NULL),
  (3, 4,  1, 'PENDING', NULL, NULL, NULL, NULL),
  (3, 5,  1, 'DONE',    '2026-05-07 09:10:00.000', 1, NULL, NULL),
  (3, 6,  2, 'DONE',    '2026-05-07 09:20:00.000', 2, NULL, NULL),
  (3, 7,  2, 'PENDING', NULL, NULL, NULL, NULL),
  (3, 8,  2, 'DONE',    '2026-05-07 09:20:00.000', 2, NULL, NULL),
  (3, 9,  2, 'PENDING', NULL, NULL, NULL, NULL),
  (3,10, NULL, 'DONE',  '2026-05-07 09:30:00.000', 1, NULL, NULL),
  (3,11, NULL, 'PENDING', NULL, NULL, -1190360.00, 1);

INSERT INTO period_member_completion (period_id, member_id, completed_at) VALUES
  (1, 1, '2026-04-02 10:00:00.000'),
  (1, 2, '2026-04-02 10:00:00.000'),
  (2, 1, '2026-05-02 10:00:00.000'),
  (2, 2, '2026-05-02 10:00:00.000');

INSERT INTO audit_log (family_id, actor_member_id, type, target_type, target_id, summary)
VALUES (1, NULL, 'SYSTEM', 'migration', 3, 'Step 2 dev data loaded');
